Nom,URL,Logos,Fichiers,Erreur
6CURE,https://www.6cure.com/ddos-protection/,1,C:\Users\UT355QD\EY\Etudes et radars - Radar solutions cyber - CESIN - Hexatrust\LOGO_ENTREPRISE\6CURE_01.svg,
AAIS.ai,https://www.aais.ai,1,C:\Users\UT355QD\EY\Etudes et radars - Radar solutions cyber - CESIN - Hexatrust\LOGO_ENTREPRISE\AAIS.ai_01.svg,
Advanced Track & Trace,https://advancedtrackandtrace.com/technologies-et-produits/,1,C:\Users\UT355QD\EY\Etudes et radars - Radar solutions cyber - CESIN - Hexatrust\LOGO_ENTREPRISE\Advanced Track _ Trace_01.png,
Gatewatcher,https://www.gatewatcher.com/,1,C:\Users\UT355QD\EY\Etudes et radars - Radar solutions cyber - CESIN - Hexatrust\LOGO_ENTREPRISE\Gatewatcher_01.svg,
AKIDAIA,https://akidaia.com/fr/,1,C:\Users\UT355QD\EY\Etudes et radars - Radar solutions cyber - CESIN - Hexatrust\LOGO_ENTREPRISE\AKIDAIA_01.png,
Aleph Networks,https://www.aleph-networks.eu/toutes-nos-licences/aleph-open-search/,1,C:\Users\UT355QD\EY\Etudes et radars - Radar solutions cyber - CESIN - Hexatrust\LOGO_ENTREPRISE\Aleph Networks_01.png,
AlgoSecure,https://algolighthouse.fr/,1,C:\Users\UT355QD\EY\Etudes et radars - Radar solutions cyber - CESIN - Hexatrust\LOGO_ENTREPRISE\AlgoSecure_01.png,
Alinto,https://www.alinto.com/fr/hebergement-messagerie-exchange-cloud/,1,C:\Users\UT355QD\EY\Etudes et radars - Radar solutions cyber - CESIN - Hexatrust\LOGO_ENTREPRISE\Alinto_01.svg,
All4Tec,https://www.all4tec.com/solutions/agile-risk-manager/,1,C:\Users\UT355QD\EY\Etudes et radars - Radar solutions cyber - CESIN - Hexatrust\LOGO_ENTREPRISE\All4Tec_01.svg,
Astran,https://www.astran.ai/,1,C:\Users\UT355QD\EY\Etudes et radars - Radar solutions cyber - CESIN - Hexatrust\LOGO_ENTREPRISE\Astran_01.svg,
Anozr Way,https://anozrway.com/fr/application-de-protection-personnelle-cyber/,1,C:\Users\UT355QD\EY\Etudes et radars - Radar solutions cyber - CESIN - Hexatrust\LOGO_ENTREPRISE\Anozr Way_01.svg,
APICEM,https://www.apicrypt.org,1,C:\Users\UT355QD\EY\Etudes et radars - Radar solutions cyber - CESIN - Hexatrust\LOGO_ENTREPRISE\APICEM_01.png,
Apitech,https://www.apitech.fr,1,C:\Users\UT355QD\EY\Etudes et radars - Radar solutions cyber - CESIN - Hexatrust\LOGO_ENTREPRISE\Apitech_01.png,
ARC Data Shield,https://www.arc-data-shield.fr/solutions/,1,C:\Users\UT355QD\EY\Etudes et radars - Radar solutions cyber - CESIN - Hexatrust\LOGO_ENTREPRISE\ARC Data Shield_01.png,
Arcad Software,https://www.arcadsoftware.fr/,1,C:\Users\UT355QD\EY\Etudes et radars - Radar solutions cyber - CESIN - Hexatrust\LOGO_ENTREPRISE\Arcad Software_01.png,
Chapsvision,https://www.chapsvision-cybergov.fr/solution/argonos-systeme-exploitation-donnees/,1,C:\Users\UT355QD\EY\Etudes et radars - Radar solutions cyber - CESIN - Hexatrust\LOGO_ENTREPRISE\Chapsvision_01.png,
Adacis,https://www.adacis.net/solutions/agrios/,1,C:\Users\UT355QD\EY\Etudes et radars - Radar solutions cyber - CESIN - Hexatrust\LOGO_ENTREPRISE\Adacis_01.png,
Ars Nova Systems,https://www.tinymdm.fr,1,C:\Users\UT355QD\EY\Etudes et radars - Radar solutions cyber - CESIN - Hexatrust\LOGO_ENTREPRISE\Ars Nova Systems_01.png,
Arsen,https://arsen.co,1,C:\Users\UT355QD\EY\Etudes et radars - Radar solutions cyber - CESIN - Hexatrust\LOGO_ENTREPRISE\Arsen_01.svg,
Arx One,https://www.arxone.com,1,C:\Users\UT355QD\EY\Etudes et radars - Radar solutions cyber - CESIN - Hexatrust\LOGO_ENTREPRISE\Arx One_01.svg,
Atempo,https://www.atempo.com/products/miria-backup-and-migration-for-large-file-storages-3/,1,C:\Users\UT355QD\EY\Etudes et radars - Radar solutions cyber - CESIN - Hexatrust\LOGO_ENTREPRISE\Atempo_01.png,
AUCAE,https://aucae.com,1,C:\Users\UT355QD\EY\Etudes et radars - Radar solutions cyber - CESIN - Hexatrust\LOGO_ENTREPRISE\AUCAE_01.png,
OpenSezam,https://opensezam.com,1,C:\Users\UT355QD\EY\Etudes et radars - Radar solutions cyber - CESIN - Hexatrust\LOGO_ENTREPRISE\OpenSezam_01.png,
Hucency (ex-Avant de Cliquer),https://avantdecliquer.com,1,C:\Users\UT355QD\EY\Etudes et radars - Radar solutions cyber - CESIN - Hexatrust\LOGO_ENTREPRISE\Hucency (ex-Avant de Cliquer)_01.png,
AxBx,https://www.axbx.com/viruskeeper.html,1,C:\Users\UT355QD\EY\Etudes et radars - Radar solutions cyber - CESIN - Hexatrust\LOGO_ENTREPRISE\AxBx_01.png,
WALLIX,https://www.wallix.com/fr/produits/gestion-des-acces-a-privileges/,1,C:\Users\UT355QD\EY\Etudes et radars - Radar solutions cyber - CESIN - Hexatrust\LOGO_ENTREPRISE\WALLIX_01.svg,
BeBackup,https://www.bebackup.fr,0,,Aucun logo téléchargé
Beemo Technologie,https://www.beemotechnologie.com,1,C:\Users\UT355QD\EY\Etudes et radars - Radar solutions cyber - CESIN - Hexatrust\LOGO_ENTREPRISE\Beemo Technologie_01.svg,
Beware Cyberlabs,https://beware-cyberlabs.eu/,0,,Aucun logo trouvé
BKube,https://bkube.fr,1,C:\Users\UT355QD\EY\Etudes et radars - Radar solutions cyber - CESIN - Hexatrust\LOGO_ENTREPRISE\BKube_01.png,
Bleckwen,https://www.bleckwen.ai/product-framl,1,C:\Users\UT355QD\EY\Etudes et radars - Radar solutions cyber - CESIN - Hexatrust\LOGO_ENTREPRISE\Bleckwen_01.svg,
Blokkus,https://www.blokkus.fr,1,C:\Users\UT355QD\EY\Etudes et radars - Radar solutions cyber - CESIN - Hexatrust\LOGO_ENTREPRISE\Blokkus_01.png,
BlueMind,https://www.bluemind.net/messagerie-collaborative/,1,C:\Users\UT355QD\EY\Etudes et radars - Radar solutions cyber - CESIN - Hexatrust\LOGO_ENTREPRISE\BlueMind_01.svg,
BlueSecure,https://bluesecure.fr,1,C:\Users\UT355QD\EY\Etudes et radars - Radar solutions cyber - CESIN - Hexatrust\LOGO_ENTREPRISE\BlueSecure_01.svg,
Board of Cyber,https://www.boardofcyber.io/nos-solutions/notation-cyber,1,C:\Users\UT355QD\EY\Etudes et radars - Radar solutions cyber - CESIN - Hexatrust\LOGO_ENTREPRISE\Board of Cyber_01.svg,
Bodyguard,https://www.bodyguard.ai,1,C:\Users\UT355QD\EY\Etudes et radars - Radar solutions cyber - CESIN - Hexatrust\LOGO_ENTREPRISE\Bodyguard_01.jpg,
BonjourCyber,https://www.bonjourcyber.com/backup-sauvegarde-google-et-microsoft365,1,C:\Users\UT355QD\EY\Etudes et radars - Radar solutions cyber - CESIN - Hexatrust\LOGO_ENTREPRISE\BonjourCyber_01.png,
ResoSafe - ROS DIGITAL,https://www.rosdigital.fr/fr/presentation-resosafe/,1,C:\Users\UT355QD\EY\Etudes et radars - Radar solutions cyber - CESIN - Hexatrust\LOGO_ENTREPRISE\ResoSafe - ROS DIGITAL_01.svg,
Brain Networks,https://www.brain-networks.fr/s-sd-wan/,1,C:\Users\UT355QD\EY\Etudes et radars - Radar solutions cyber - CESIN - Hexatrust\LOGO_ENTREPRISE\Brain Networks_01.png,
Brain Security,https://brainsecurity.io,1,C:\Users\UT355QD\EY\Etudes et radars - Radar solutions cyber - CESIN - Hexatrust\LOGO_ENTREPRISE\Brain Security_01.svg,
CartographIT,https://www.cartographit.com/,1,C:\Users\UT355QD\EY\Etudes et radars - Radar solutions cyber - CESIN - Hexatrust\LOGO_ENTREPRISE\CartographIT_01.svg,
Certigna - Tessi,https://www.certigna.com/famille-de-services/hebergement-informatique/,1,C:\Users\UT355QD\EY\Etudes et radars - Radar solutions cyber - CESIN - Hexatrust\LOGO_ENTREPRISE\Certigna - Tessi_01.svg,
Chimere Cyberstealth,https://chimere.eu,1,C:\Users\UT355QD\EY\Etudes et radars - Radar solutions cyber - CESIN - Hexatrust\LOGO_ENTREPRISE\Chimere Cyberstealth_01.svg,
Thales,https://cpl.thalesgroup.com/encryption/key-management/ciphertrust-cloud-key-manager,1,C:\Users\UT355QD\EY\Etudes et radars - Radar solutions cyber - CESIN - Hexatrust\LOGO_ENTREPRISE\Thales_01.svg,
Intuitem,https://intuitem.com/,1,C:\Users\UT355QD\EY\Etudes et radars - Radar solutions cyber - CESIN - Hexatrust\LOGO_ENTREPRISE\Intuitem_01.svg,
Citalid,https://citalid.com,1,C:\Users\UT355QD\EY\Etudes et radars - Radar solutions cyber - CESIN - Hexatrust\LOGO_ENTREPRISE\Citalid_01.svg,
Continus.io,https://continus.io,1,C:\Users\UT355QD\EY\Etudes et radars - Radar solutions cyber - CESIN - Hexatrust\LOGO_ENTREPRISE\Continus.io_01.png,
Docaposte - Certinomis,https://www.certinomis.fr/certinomis-operateur-de-confiance-numerique-2-2/certinomis-corporate,1,C:\Users\UT355QD\EY\Etudes et radars - Radar solutions cyber - CESIN - Hexatrust\LOGO_ENTREPRISE\Docaposte - Certinomis_01.svg,
Cosmian,https://cosmian.com,1,C:\Users\UT355QD\EY\Etudes et radars - Radar solutions cyber - CESIN - Hexatrust\LOGO_ENTREPRISE\Cosmian_01.svg,
CriseBox.com,https://www.crisebox.com/,1,C:\Users\UT355QD\EY\Etudes et radars - Radar solutions cyber - CESIN - Hexatrust\LOGO_ENTREPRISE\CriseBox.com_01.webp,
CrowdSec,https://www.crowdsec.net,1,C:\Users\UT355QD\EY\Etudes et radars - Radar solutions cyber - CESIN - Hexatrust\LOGO_ENTREPRISE\CrowdSec_01.svg,
Custocy,https://www.custocy.ai,1,C:\Users\UT355QD\EY\Etudes et radars - Radar solutions cyber - CESIN - Hexatrust\LOGO_ENTREPRISE\Custocy_01.svg,
CybelAngel,https://cybelangel.com/,1,C:\Users\UT355QD\EY\Etudes et radars - Radar solutions cyber - CESIN - Hexatrust\LOGO_ENTREPRISE\CybelAngel_01.png,
Mailinblack,https://www.mailinblack.com/produits/mailinblack-simulateur-phishing/,1,C:\Users\UT355QD\EY\Etudes et radars - Radar solutions cyber - CESIN - Hexatrust\LOGO_ENTREPRISE\Mailinblack_01.webp,
PSC France - Cyber-Detect,https://psc-france.com/gorille-lantivirus-des-menaces-inconnues/,1,C:\Users\UT355QD\EY\Etudes et radars - Radar solutions cyber - CESIN - Hexatrust\LOGO_ENTREPRISE\PSC France - Cyber-Detect_01.png,
Cyberium,https://www.cyberium.solutions/home/#solutions,1,C:\Users\UT355QD\EY\Etudes et radars - Radar solutions cyber - CESIN - Hexatrust\LOGO_ENTREPRISE\Cyberium_01.png,
CyberVadis,https://cybervadis.com/fr,1,C:\Users\UT355QD\EY\Etudes et radars - Radar solutions cyber - CESIN - Hexatrust\LOGO_ENTREPRISE\CyberVadis_01.svg,
Cyberwatch,https://cyberwatch.fr,1,C:\Users\UT355QD\EY\Etudes et radars - Radar solutions cyber - CESIN - Hexatrust\LOGO_ENTREPRISE\Cyberwatch_01.jpg,
Cybi,https://www.cybi.fr,1,C:\Users\UT355QD\EY\Etudes et radars - Radar solutions cyber - CESIN - Hexatrust\LOGO_ENTREPRISE\Cybi_01.png,
Armony System,https://www.armony.fr/activites/cybersecurite-reseaux-industriels/loffre-cyfence,1,C:\Users\UT355QD\EY\Etudes et radars - Radar solutions cyber - CESIN - Hexatrust\LOGO_ENTREPRISE\Armony System_01.png,
CyferAll,https://cyferall.com,1,C:\Users\UT355QD\EY\Etudes et radars - Radar solutions cyber - CESIN - Hexatrust\LOGO_ENTREPRISE\CyferAll_01.png,
Dastra,https://dastra.eu,1,C:\Users\UT355QD\EY\Etudes et radars - Radar solutions cyber - CESIN - Hexatrust\LOGO_ENTREPRISE\Dastra_01.svg,
DataDome,https://datadome.co,1,C:\Users\UT355QD\EY\Etudes et radars - Radar solutions cyber - CESIN - Hexatrust\LOGO_ENTREPRISE\DataDome_01.svg,
DeepFrauds.ai,https://deepfrauds.ai,1,C:\Users\UT355QD\EY\Etudes et radars - Radar solutions cyber - CESIN - Hexatrust\LOGO_ENTREPRISE\DeepFrauds.ai_01.svg,
Defants,https://defants.com,0,,Aucun logo trouvé
DefensX,https://www.defensx.com,1,C:\Users\UT355QD\EY\Etudes et radars - Radar solutions cyber - CESIN - Hexatrust\LOGO_ENTREPRISE\DefensX_01.svg,
Reversense,https://reversense.com,1,C:\Users\UT355QD\EY\Etudes et radars - Radar solutions cyber - CESIN - Hexatrust\LOGO_ENTREPRISE\Reversense_01.svg,
DigitalBerry,https://www.digitalberry.fr/solutions/solution-de-gestion-automatisee-des-certificats-numeriques/,1,C:\Users\UT355QD\EY\Etudes et radars - Radar solutions cyber - CESIN - Hexatrust\LOGO_ENTREPRISE\DigitalBerry_01.png,
DMARC,https://dmarc-expert.com,1,C:\Users\UT355QD\EY\Etudes et radars - Radar solutions cyber - CESIN - Hexatrust\LOGO_ENTREPRISE\DMARC_01.svg,
Docaposte,https://www.docaposte.com/solutions/signature-electronique,1,C:\Users\UT355QD\EY\Etudes et radars - Radar solutions cyber - CESIN - Hexatrust\LOGO_ENTREPRISE\Docaposte_01.svg,
DropCloud,https://www.dropcloud.fr/transfert-et-envoi-securise-de-fichiers-volumineux-wesend/,1,C:\Users\UT355QD\EY\Etudes et radars - Radar solutions cyber - CESIN - Hexatrust\LOGO_ENTREPRISE\DropCloud_01.png,
Easylience,https://www.easylience.com,1,C:\Users\UT355QD\EY\Etudes et radars - Radar solutions cyber - CESIN - Hexatrust\LOGO_ENTREPRISE\Easylience_01.png,
Egerie,https://www.egerie.com,1,C:\Users\UT355QD\EY\Etudes et radars - Radar solutions cyber - CESIN - Hexatrust\LOGO_ENTREPRISE\Egerie_01.svg,
Elba Security,https://elba.security,1,C:\Users\UT355QD\EY\Etudes et radars - Radar solutions cyber - CESIN - Hexatrust\LOGO_ENTREPRISE\Elba Security_01.avif,
Elysium Security,https://www.elysium-security.com/nemesis-up,1,C:\Users\UT355QD\EY\Etudes et radars - Radar solutions cyber - CESIN - Hexatrust\LOGO_ENTREPRISE\Elysium Security_01.svg,
Enovacom - Orange Business,https://www.enovacom.com/solution/enovacom-secure-messaging-la-messagerie-securisee-mssante-sans-changer-vos-habitudes/,1,C:\Users\UT355QD\EY\Etudes et radars - Radar solutions cyber - CESIN - Hexatrust\LOGO_ENTREPRISE\Enovacom - Orange Business_01.svg,
Epieos,https://epieos.com,1,C:\Users\UT355QD\EY\Etudes et radars - Radar solutions cyber - CESIN - Hexatrust\LOGO_ENTREPRISE\Epieos_01.svg,
Equisign,https://www.equisign.fr,1,C:\Users\UT355QD\EY\Etudes et radars - Radar solutions cyber - CESIN - Hexatrust\LOGO_ENTREPRISE\Equisign_01.png,
EVERTRUST,https://evertrust.io/horizon/,1,C:\Users\UT355QD\EY\Etudes et radars - Radar solutions cyber - CESIN - Hexatrust\LOGO_ENTREPRISE\EVERTRUST_01.png,
EXO PLATFORM,https://www.exoplatform.com,1,C:\Users\UT355QD\EY\Etudes et radars - Radar solutions cyber - CESIN - Hexatrust\LOGO_ENTREPRISE\EXO PLATFORM_01.png,
Eyst Technology,https://eyst.io,1,C:\Users\UT355QD\EY\Etudes et radars - Radar solutions cyber - CESIN - Hexatrust\LOGO_ENTREPRISE\Eyst Technology_01.png,
FAIRTRUST,https://www.fairtrust.com/nos-produits-coffre-fort,1,C:\Users\UT355QD\EY\Etudes et radars - Radar solutions cyber - CESIN - Hexatrust\LOGO_ENTREPRISE\FAIRTRUST_01.png,
FILIGRAN,https://filigran.io/platforms/opencti/,1,C:\Users\UT355QD\EY\Etudes et radars - Radar solutions cyber - CESIN - Hexatrust\LOGO_ENTREPRISE\FILIGRAN_01.svg,
Finovox,https://finovox.com,1,C:\Users\UT355QD\EY\Etudes et radars - Radar solutions cyber - CESIN - Hexatrust\LOGO_ENTREPRISE\Finovox_01.svg,
Forecomm,https://www.forecomm.net,1,C:\Users\UT355QD\EY\Etudes et radars - Radar solutions cyber - CESIN - Hexatrust\LOGO_ENTREPRISE\Forecomm_01.png,
France Verif,https://franceverif.fr,1,C:\Users\UT355QD\EY\Etudes et radars - Radar solutions cyber - CESIN - Hexatrust\LOGO_ENTREPRISE\France Verif_01.svg,
Giskard AI,https://www.giskard.ai/,1,C:\Users\UT355QD\EY\Etudes et radars - Radar solutions cyber - CESIN - Hexatrust\LOGO_ENTREPRISE\Giskard AI_01.svg,
GitGuardian,https://www.gitguardian.com,1,C:\Users\UT355QD\EY\Etudes et radars - Radar solutions cyber - CESIN - Hexatrust\LOGO_ENTREPRISE\GitGuardian_01.svg,
GLIMPS,https://www.glimps.re/glimps-malware-kiosk/,1,C:\Users\UT355QD\EY\Etudes et radars - Radar solutions cyber - CESIN - Hexatrust\LOGO_ENTREPRISE\GLIMPS_01.svg,
GottaPhish,https://gottaphish.com,1,C:\Users\UT355QD\EY\Etudes et radars - Radar solutions cyber - CESIN - Hexatrust\LOGO_ENTREPRISE\GottaPhish_01.png,
Hackuity,https://hackuity.io,1,C:\Users\UT355QD\EY\Etudes et radars - Radar solutions cyber - CESIN - Hexatrust\LOGO_ENTREPRISE\Hackuity_01.png,
HarfangLab,https://harfanglab.io/fr/,1,C:\Users\UT355QD\EY\Etudes et radars - Radar solutions cyber - CESIN - Hexatrust\LOGO_ENTREPRISE\HarfangLab_01.svg,
HIA secure,https://www.hiasecure.com,1,C:\Users\UT355QD\EY\Etudes et radars - Radar solutions cyber - CESIN - Hexatrust\LOGO_ENTREPRISE\HIA secure_01.svg,
Hornswaggle,https://hornswaggle.xyz/fr/notre-solution/,1,C:\Users\UT355QD\EY\Etudes et radars - Radar solutions cyber - CESIN - Hexatrust\LOGO_ENTREPRISE\Hornswaggle_01.png,
BeYs Cloud,https://www.be-ys.cloud/offers,1,C:\Users\UT355QD\EY\Etudes et radars - Radar solutions cyber - CESIN - Hexatrust\LOGO_ENTREPRISE\BeYs Cloud_01.png,
Diateam,https://www.diateam.net,1,C:\Users\UT355QD\EY\Etudes et radars - Radar solutions cyber - CESIN - Hexatrust\LOGO_ENTREPRISE\Diateam_01.png,
IDactis,https://www.idactis.com,1,C:\Users\UT355QD\EY\Etudes et radars - Radar solutions cyber - CESIN - Hexatrust\LOGO_ENTREPRISE\IDactis_01.png,
IDECSI,https://www.idecsi.com/solution/mydatasecurity/,1,C:\Users\UT355QD\EY\Etudes et radars - Radar solutions cyber - CESIN - Hexatrust\LOGO_ENTREPRISE\IDECSI_01.svg,
Eviden - Atos,https://eviden.com/fr-fr/solutions/cybersecurite/identite-numerique/,1,C:\Users\UT355QD\EY\Etudes et radars - Radar solutions cyber - CESIN - Hexatrust\LOGO_ENTREPRISE\Eviden - Atos_01.png,
GS2i,https://gs2i.fr,0,,Aucun logo trouvé
IN Groupe,https://ingroupe.com/fr/produit/la-plateforme-eid/,1,C:\Users\UT355QD\EY\Etudes et radars - Radar solutions cyber - CESIN - Hexatrust\LOGO_ENTREPRISE\IN Groupe_01.svg,
INSPEERE,https://www.inspeere.com/technologie-savvy/,1,C:\Users\UT355QD\EY\Etudes et radars - Radar solutions cyber - CESIN - Hexatrust\LOGO_ENTREPRISE\INSPEERE_01.jpg,
IS Decisions,https://www.isdecisions.com/fr,1,C:\Users\UT355QD\EY\Etudes et radars - Radar solutions cyber - CESIN - Hexatrust\LOGO_ENTREPRISE\IS Decisions_01.png,
ISE SYSTEMS,https://ise-systems.fr/gdpr/,1,C:\Users\UT355QD\EY\Etudes et radars - Radar solutions cyber - CESIN - Hexatrust\LOGO_ENTREPRISE\ISE SYSTEMS_01.png,
ITrust - Iliad,https://www.itrust.fr/scanner-de-vulnerabilites-ikare/,1,C:\Users\UT355QD\EY\Etudes et radars - Radar solutions cyber - CESIN - Hexatrust\LOGO_ENTREPRISE\ITrust - Iliad_01.png,
Jalios,https://www.jalios.com,1,C:\Users\UT355QD\EY\Etudes et radars - Radar solutions cyber - CESIN - Hexatrust\LOGO_ENTREPRISE\Jalios_01.png,
JAMESPOT,https://www.jamespot.com,1,C:\Users\UT355QD\EY\Etudes et radars - Radar solutions cyber - CESIN - Hexatrust\LOGO_ENTREPRISE\JAMESPOT_01.png,
JUNE-FACTORY,https://june-factory.com/logiciel-audit-conformite/,1,C:\Users\UT355QD\EY\Etudes et radars - Radar solutions cyber - CESIN - Hexatrust\LOGO_ENTREPRISE\JUNE-FACTORY_01.png,
KEEEX,https://www.keeex.me,1,C:\Users\UT355QD\EY\Etudes et radars - Radar solutions cyber - CESIN - Hexatrust\LOGO_ENTREPRISE\KEEEX_01.png,
KeoPass,https://www.keopass.com/index_fr.html,1,C:\Users\UT355QD\EY\Etudes et radars - Radar solutions cyber - CESIN - Hexatrust\LOGO_ENTREPRISE\KeoPass_01.png,
KIWI BACKUP,https://www.kiwi-backup.com,1,C:\Users\UT355QD\EY\Etudes et radars - Radar solutions cyber - CESIN - Hexatrust\LOGO_ENTREPRISE\KIWI BACKUP_01.svg,
Kleer,https://kleer.tech,1,C:\Users\UT355QD\EY\Etudes et radars - Radar solutions cyber - CESIN - Hexatrust\LOGO_ENTREPRISE\Kleer_01.png,
Ledger,https://www.ledger.com/fr,1,C:\Users\UT355QD\EY\Etudes et radars - Radar solutions cyber - CESIN - Hexatrust\LOGO_ENTREPRISE\Ledger_01.png,
Legapass,https://legapass.com,1,C:\Users\UT355QD\EY\Etudes et radars - Radar solutions cyber - CESIN - Hexatrust\LOGO_ENTREPRISE\Legapass_01.svg,
LEVIIA,https://www.leviia.com/leviia-drive/,1,C:\Users\UT355QD\EY\Etudes et radars - Radar solutions cyber - CESIN - Hexatrust\LOGO_ENTREPRISE\LEVIIA_01.svg,
Goodflag (ex-Lex Persona),https://goodflag.com/,1,C:\Users\UT355QD\EY\Etudes et radars - Radar solutions cyber - CESIN - Hexatrust\LOGO_ENTREPRISE\Goodflag (ex-Lex Persona)_01.svg,
LINAGORA,https://linagora.com/twake-workplace,1,C:\Users\UT355QD\EY\Etudes et radars - Radar solutions cyber - CESIN - Hexatrust\LOGO_ENTREPRISE\LINAGORA_01.svg,
LOCKSELF,https://www.lockself.com/solutions/LockPass-gestionnaire-mot-passe/,1,C:\Users\UT355QD\EY\Etudes et radars - Radar solutions cyber - CESIN - Hexatrust\LOGO_ENTREPRISE\LOCKSELF_01.svg,
Luna HSM,https://www.thalesgroup.com/fr,0,,Aucun logo téléchargé
LYBERO.NET,https://lybero.net/produits/cryptndrive/,1,C:\Users\UT355QD\EY\Etudes et radars - Radar solutions cyber - CESIN - Hexatrust\LOGO_ENTREPRISE\LYBERO.NET_01.svg,
MAKE IT SAFE,https://www.makeitsafe.fr,1,C:\Users\UT355QD\EY\Etudes et radars - Radar solutions cyber - CESIN - Hexatrust\LOGO_ENTREPRISE\MAKE IT SAFE_01.png,
Yneos,https://malva.re/about/,1,C:\Users\UT355QD\EY\Etudes et radars - Radar solutions cyber - CESIN - Hexatrust\LOGO_ENTREPRISE\Yneos_01.png,
Memority,https://www.memority.eu/,1,C:\Users\UT355QD\EY\Etudes et radars - Radar solutions cyber - CESIN - Hexatrust\LOGO_ENTREPRISE\Memority_01.png,
MEROX,https://www.merox.io,1,C:\Users\UT355QD\EY\Etudes et radars - Radar solutions cyber - CESIN - Hexatrust\LOGO_ENTREPRISE\MEROX_01.svg,
MINDFLOW,https://www.mindflow.io,1,C:\Users\UT355QD\EY\Etudes et radars - Radar solutions cyber - CESIN - Hexatrust\LOGO_ENTREPRISE\MINDFLOW_01.png,
MOABI SOLUTIONS,https://moabi-solutions.com/fr/,1,C:\Users\UT355QD\EY\Etudes et radars - Radar solutions cyber - CESIN - Hexatrust\LOGO_ENTREPRISE\MOABI SOLUTIONS_01.png,
ANSSI,https://monservicesecurise.cyber.gouv.fr/,1,C:\Users\UT355QD\EY\Etudes et radars - Radar solutions cyber - CESIN - Hexatrust\LOGO_ENTREPRISE\ANSSI_01.svg,
Mr Suricate,https://www.mrsuricate.com,1,C:\Users\UT355QD\EY\Etudes et radars - Radar solutions cyber - CESIN - Hexatrust\LOGO_ENTREPRISE\Mr Suricate_01.svg,
myRGPD.pro,https://www.myrgpd.pro/,1,C:\Users\UT355QD\EY\Etudes et radars - Radar solutions cyber - CESIN - Hexatrust\LOGO_ENTREPRISE\myRGPD.pro_01.png,
NAMESHIELD,https://www.nameshield.com,1,C:\Users\UT355QD\EY\Etudes et radars - Radar solutions cyber - CESIN - Hexatrust\LOGO_ENTREPRISE\NAMESHIELD_01.png,
Nefture,https://nefture.com,1,C:\Users\UT355QD\EY\Etudes et radars - Radar solutions cyber - CESIN - Hexatrust\LOGO_ENTREPRISE\Nefture_01.png,
Neowave,https://neowave.fr/fr/produits/gamme-id-2-0/,1,C:\Users\UT355QD\EY\Etudes et radars - Radar solutions cyber - CESIN - Hexatrust\LOGO_ENTREPRISE\Neowave_01.png,
NetExplorer,https://www.netexplorer.fr,1,C:\Users\UT355QD\EY\Etudes et radars - Radar solutions cyber - CESIN - Hexatrust\LOGO_ENTREPRISE\NetExplorer_01.png,
Novalys,https://www.visual-guard.com,1,C:\Users\UT355QD\EY\Etudes et radars - Radar solutions cyber - CESIN - Hexatrust\LOGO_ENTREPRISE\Novalys_01.png,
"Banque des Territoires, Docaposte (La Poste), Dassault Systèmes, Bouygues Telecom",https://www.numspot.com,1,C:\Users\UT355QD\EY\Etudes et radars - Radar solutions cyber - CESIN - Hexatrust\LOGO_ENTREPRISE\Banque des Territoires_ Docaposte (La Poste)_ Dassault Systèmes_ Bouygues Telecom_01.png,
OGO Security,https://www.ogosecurity.com/,1,C:\Users\UT355QD\EY\Etudes et radars - Radar solutions cyber - CESIN - Hexatrust\LOGO_ENTREPRISE\OGO Security_01.png,
Olfeo - Ekinops,https://www.olfeo.com,1,C:\Users\UT355QD\EY\Etudes et radars - Radar solutions cyber - CESIN - Hexatrust\LOGO_ENTREPRISE\Olfeo - Ekinops_01.svg,
Reciproc-IT,https://reciproc-it.com,1,C:\Users\UT355QD\EY\Etudes et radars - Radar solutions cyber - CESIN - Hexatrust\LOGO_ENTREPRISE\Reciproc-IT_01.png,
Olvid,https://www.olvid.io/fr/,1,C:\Users\UT355QD\EY\Etudes et radars - Radar solutions cyber - CESIN - Hexatrust\LOGO_ENTREPRISE\Olvid_01.png,
ONYPHE,https://www.onyphe.io/,1,C:\Users\UT355QD\EY\Etudes et radars - Radar solutions cyber - CESIN - Hexatrust\LOGO_ENTREPRISE\ONYPHE_01.svg,
Oodrive,https://www.oodrive.com/fr/produits/oodrive-work/?utm_source=bing&utm_medium=cpc&utm_campaign=notoriete_bing,1,C:\Users\UT355QD\EY\Etudes et radars - Radar solutions cyber - CESIN - Hexatrust\LOGO_ENTREPRISE\Oodrive_01.svg,
Opencell Security,https://www.opencellsoft.com/,1,C:\Users\UT355QD\EY\Etudes et radars - Radar solutions cyber - CESIN - Hexatrust\LOGO_ENTREPRISE\Opencell Security_01.svg,
OpenCVE,https://www.opencve.io,1,C:\Users\UT355QD\EY\Etudes et radars - Radar solutions cyber - CESIN - Hexatrust\LOGO_ENTREPRISE\OpenCVE_01.png,
Ignimission,https://ignimission.com/en/products/platform/,1,C:\Users\UT355QD\EY\Etudes et radars - Radar solutions cyber - CESIN - Hexatrust\LOGO_ENTREPRISE\Ignimission_01.png,
ORSEC Technologies SAS - Groupe SYLink,https://orsec.net/fr/entreprise.php,1,C:\Users\UT355QD\EY\Etudes et radars - Radar solutions cyber - CESIN - Hexatrust\LOGO_ENTREPRISE\ORSEC Technologies SAS - Groupe SYLink_01.png,
Outscale - Dassault Systems,https://fr.outscale.com/cloud-experience/,1,C:\Users\UT355QD\EY\Etudes et radars - Radar solutions cyber - CESIN - Hexatrust\LOGO_ENTREPRISE\Outscale - Dassault Systems_01.jpg,
OverSOC,https://www.oversoc.com,1,C:\Users\UT355QD\EY\Etudes et radars - Radar solutions cyber - CESIN - Hexatrust\LOGO_ENTREPRISE\OverSOC_01.svg,
Oxibox,https://www.oxibox.com,1,C:\Users\UT355QD\EY\Etudes et radars - Radar solutions cyber - CESIN - Hexatrust\LOGO_ENTREPRISE\Oxibox_01.svg,
P4S,https://www.p4s-archi.com,1,C:\Users\UT355QD\EY\Etudes et radars - Radar solutions cyber - CESIN - Hexatrust\LOGO_ENTREPRISE\P4S_01.svg,
Parcoor,https://parcoor.com,1,C:\Users\UT355QD\EY\Etudes et radars - Radar solutions cyber - CESIN - Hexatrust\LOGO_ENTREPRISE\Parcoor_01.png,
PARSEC,https://parsec.cloud,1,C:\Users\UT355QD\EY\Etudes et radars - Radar solutions cyber - CESIN - Hexatrust\LOGO_ENTREPRISE\PARSEC_01.png,
Patrowl,https://patrowl.io,1,C:\Users\UT355QD\EY\Etudes et radars - Radar solutions cyber - CESIN - Hexatrust\LOGO_ENTREPRISE\Patrowl_01.svg,
Phinasoft,https://phinasoft.com,1,C:\Users\UT355QD\EY\Etudes et radars - Radar solutions cyber - CESIN - Hexatrust\LOGO_ENTREPRISE\Phinasoft_01.png,
Alcyconie,https://alcyconie.com/offres-et-expertises-crise-cyber/logiciels-solutions-digitales/,1,C:\Users\UT355QD\EY\Etudes et radars - Radar solutions cyber - CESIN - Hexatrust\LOGO_ENTREPRISE\Alcyconie_01.png,
WaryMe,https://www.waryme.com/,1,C:\Users\UT355QD\EY\Etudes et radars - Radar solutions cyber - CESIN - Hexatrust\LOGO_ENTREPRISE\WaryMe_01.png,
CNIL et ATNOS,https://www.cnil.fr/fr/outil-pia-telechargez-et-installez-le-logiciel-de-la-cnil,1,C:\Users\UT355QD\EY\Etudes et radars - Radar solutions cyber - CESIN - Hexatrust\LOGO_ENTREPRISE\CNIL et ATNOS_01.png,
PORTYQ,https://www.portyq.com,1,C:\Users\UT355QD\EY\Etudes et radars - Radar solutions cyber - CESIN - Hexatrust\LOGO_ENTREPRISE\PORTYQ_01.svg,
POW Software,https://www.pow-software.com/,1,C:\Users\UT355QD\EY\Etudes et radars - Radar solutions cyber - CESIN - Hexatrust\LOGO_ENTREPRISE\POW Software_01.webp,
Pradeo,https://pradeo.com/#,1,C:\Users\UT355QD\EY\Etudes et radars - Radar solutions cyber - CESIN - Hexatrust\LOGO_ENTREPRISE\Pradeo_01.png,
Pragmable,https://www.pragmable.com,1,C:\Users\UT355QD\EY\Etudes et radars - Radar solutions cyber - CESIN - Hexatrust\LOGO_ENTREPRISE\Pragmable_01.png,
Predicta Lab,https://predictalab.fr/products#predictasearch,1,C:\Users\UT355QD\EY\Etudes et radars - Radar solutions cyber - CESIN - Hexatrust\LOGO_ENTREPRISE\Predicta Lab_01.svg,
PresentID,https://presentid.com,1,C:\Users\UT355QD\EY\Etudes et radars - Radar solutions cyber - CESIN - Hexatrust\LOGO_ENTREPRISE\PresentID_01.png,
Preventeo,https://www.preventeo.com/en/overview/,1,C:\Users\UT355QD\EY\Etudes et radars - Radar solutions cyber - CESIN - Hexatrust\LOGO_ENTREPRISE\Preventeo_01.png,
PRIM'X,https://www.primx.eu/fr/encryption-software/zonecentral/,1,C:\Users\UT355QD\EY\Etudes et radars - Radar solutions cyber - CESIN - Hexatrust\LOGO_ENTREPRISE\PRIM_X_01.svg,
Private Discuss,https://private-discuss.com,1,C:\Users\UT355QD\EY\Etudes et radars - Radar solutions cyber - CESIN - Hexatrust\LOGO_ENTREPRISE\Private Discuss_01.png,
Provenrun,https://provenrun.com/provencore/,1,C:\Users\UT355QD\EY\Etudes et radars - Radar solutions cyber - CESIN - Hexatrust\LOGO_ENTREPRISE\Provenrun_01.svg,
Purplemet,https://purplemet.com,1,C:\Users\UT355QD\EY\Etudes et radars - Radar solutions cyber - CESIN - Hexatrust\LOGO_ENTREPRISE\Purplemet_01.png,
QevlarAI,https://qevlar.ai,1,C:\Users\UT355QD\EY\Etudes et radars - Radar solutions cyber - CESIN - Hexatrust\LOGO_ENTREPRISE\QevlarAI_01.svg,
Qontrol,https://qontrol.io,1,C:\Users\UT355QD\EY\Etudes et radars - Radar solutions cyber - CESIN - Hexatrust\LOGO_ENTREPRISE\Qontrol_01.avif,
Ravel Technologies,https://www.raveltech.io/,1,C:\Users\UT355QD\EY\Etudes et radars - Radar solutions cyber - CESIN - Hexatrust\LOGO_ENTREPRISE\Ravel Technologies_01.svg,
Rebop,https://www.rebop.io/who-we-are/,1,C:\Users\UT355QD\EY\Etudes et radars - Radar solutions cyber - CESIN - Hexatrust\LOGO_ENTREPRISE\Rebop_01.jpg,
Airbus Protect - Airbus,https://www.protect.airbus.com/fr/cybersecurite/fence/,1,C:\Users\UT355QD\EY\Etudes et radars - Radar solutions cyber - CESIN - Hexatrust\LOGO_ENTREPRISE\Airbus Protect - Airbus_01.svg,
Rfence,https://www.rfence.fr/,1,C:\Users\UT355QD\EY\Etudes et radars - Radar solutions cyber - CESIN - Hexatrust\LOGO_ENTREPRISE\Rfence_01.png,
Riot,https://tryriot.com/fr,1,C:\Users\UT355QD\EY\Etudes et radars - Radar solutions cyber - CESIN - Hexatrust\LOGO_ENTREPRISE\Riot_01.png,
Risk Hunter,https://riskhunter.io,1,C:\Users\UT355QD\EY\Etudes et radars - Radar solutions cyber - CESIN - Hexatrust\LOGO_ENTREPRISE\Risk Hunter_01.png,
Rubycat,https://www.rubycat.eu/prove-it/,1,C:\Users\UT355QD\EY\Etudes et radars - Radar solutions cyber - CESIN - Hexatrust\LOGO_ENTREPRISE\Rubycat_01.svg,
Normation,https://www.normation.com,1,C:\Users\UT355QD\EY\Etudes et radars - Radar solutions cyber - CESIN - Hexatrust\LOGO_ENTREPRISE\Normation_01.svg,
Docaposte Arkhinéo - Docaposte,https://arkhineo.com/,1,C:\Users\UT355QD\EY\Etudes et radars - Radar solutions cyber - CESIN - Hexatrust\LOGO_ENTREPRISE\Docaposte Arkhinéo - Docaposte_01.png,
SafeBrain,https://safebrain.com/,1,C:\Users\UT355QD\EY\Etudes et radars - Radar solutions cyber - CESIN - Hexatrust\LOGO_ENTREPRISE\SafeBrain_01.png,
Sarus Technologies,https://sarus.tech,1,C:\Users\UT355QD\EY\Etudes et radars - Radar solutions cyber - CESIN - Hexatrust\LOGO_ENTREPRISE\Sarus Technologies_01.svg,
Scality,https://www.scality.com/fr/ring/?_gl=1*1q9mfyf*_up*MQ..*_ga*NzgwNzA3MjMuMTc1OTMwNTc3OQ..*_ga_64MZ88FGX1*czE3NTkzMDU3NzYkbzEkZzEkdDE3NTkzMDU4MzkkajYwJGwwJGg4NzIxMjUwMTc.,1,C:\Users\UT355QD\EY\Etudes et radars - Radar solutions cyber - CESIN - Hexatrust\LOGO_ENTREPRISE\Scality_01.png,
Qwam - Chapsvision,https://www.chapsvision.fr/data/intelligence-numerique/qwam/ask-n-read/?__hstc=70572751.de09aad92a38b7698d102dda1bf53bc3.1757664767860.1757664767860.1757664767860.1&__hssc=70572751.10.1757664767860&__hsfp=455749271,1,C:\Users\UT355QD\EY\Etudes et radars - Radar solutions cyber - CESIN - Hexatrust\LOGO_ENTREPRISE\Qwam - Chapsvision_01.svg,
Scovery,https://scovery.com,1,C:\Users\UT355QD\EY\Etudes et radars - Radar solutions cyber - CESIN - Hexatrust\LOGO_ENTREPRISE\Scovery_01.svg,
SecDojo,https://sec-dojo.com,1,C:\Users\UT355QD\EY\Etudes et radars - Radar solutions cyber - CESIN - Hexatrust\LOGO_ENTREPRISE\SecDojo_01.svg,
SeckIOT,https://seckiot.fr/nos-solutions/carthographie-des-reseaux/,1,C:\Users\UT355QD\EY\Etudes et radars - Radar solutions cyber - CESIN - Hexatrust\LOGO_ENTREPRISE\SeckIOT_01.png,
Seclab,https://www.seclab-security.com/#produits,1,C:\Users\UT355QD\EY\Etudes et radars - Radar solutions cyber - CESIN - Hexatrust\LOGO_ENTREPRISE\Seclab_01.png,
Securas Technologies,https://securas.fr/cyber-shield/,1,C:\Users\UT355QD\EY\Etudes et radars - Radar solutions cyber - CESIN - Hexatrust\LOGO_ENTREPRISE\Securas Technologies_01.svg,
Secure-IC,https://www.secure-ic.fr/produits/plateforme-de-services-de-securite-integree/,1,C:\Users\UT355QD\EY\Etudes et radars - Radar solutions cyber - CESIN - Hexatrust\LOGO_ENTREPRISE\Secure-IC_01.svg,
Secuserve,https://e-securemail.com/,1,C:\Users\UT355QD\EY\Etudes et radars - Radar solutions cyber - CESIN - Hexatrust\LOGO_ENTREPRISE\Secuserve_01.png,
SeedFence,https://www.seedfence.io/products/xdr-platform/,1,C:\Users\UT355QD\EY\Etudes et radars - Radar solutions cyber - CESIN - Hexatrust\LOGO_ENTREPRISE\SeedFence_01.png,
Seela,https://seela.io,1,C:\Users\UT355QD\EY\Etudes et radars - Radar solutions cyber - CESIN - Hexatrust\LOGO_ENTREPRISE\Seela_01.webp,
Sekrata,https://www.sekrata.com/solutions.html,1,C:\Users\UT355QD\EY\Etudes et radars - Radar solutions cyber - CESIN - Hexatrust\LOGO_ENTREPRISE\Sekrata_01.svg,
Conscio Technologies,https://www.conscio-technologies.com/sensiwave/,1,C:\Users\UT355QD\EY\Etudes et radars - Radar solutions cyber - CESIN - Hexatrust\LOGO_ENTREPRISE\Conscio Technologies_01.svg,
Extern SN,https://www.extern-sn.fr/sentinelle-rgpd,1,C:\Users\UT355QD\EY\Etudes et radars - Radar solutions cyber - CESIN - Hexatrust\LOGO_ENTREPRISE\Extern SN_01.png,
Serenicity,https://www.serenicity.fr/detoxio,0,,Aucun logo téléchargé
Jizô AI (ex-Sesame IT),https://sesame-it.com/fr-fr,1,C:\Users\UT355QD\EY\Etudes et radars - Radar solutions cyber - CESIN - Hexatrust\LOGO_ENTREPRISE\Jizô AI (ex-Sesame IT)_01.png,
Set in Stone (Holding Benoit),https://setinstone.io,1,C:\Users\UT355QD\EY\Etudes et radars - Radar solutions cyber - CESIN - Hexatrust\LOGO_ENTREPRISE\Set in Stone (Holding Benoit)_01.webp,
Shadline,https://www.shadline.com,1,C:\Users\UT355QD\EY\Etudes et radars - Radar solutions cyber - CESIN - Hexatrust\LOGO_ENTREPRISE\Shadline_01.svg,
ShareID,https://shareid.ai,1,C:\Users\UT355QD\EY\Etudes et radars - Radar solutions cyber - CESIN - Hexatrust\LOGO_ENTREPRISE\ShareID_01.png,
Shindan,https://shindan.io,1,C:\Users\UT355QD\EY\Etudes et radars - Radar solutions cyber - CESIN - Hexatrust\LOGO_ENTREPRISE\Shindan_01.png,
Sienna,https://sienna.dev,1,C:\Users\UT355QD\EY\Etudes et radars - Radar solutions cyber - CESIN - Hexatrust\LOGO_ENTREPRISE\Sienna_01.webp,
Situation.sh,https://www.situation.sh/fr/,1,C:\Users\UT355QD\EY\Etudes et radars - Radar solutions cyber - CESIN - Hexatrust\LOGO_ENTREPRISE\Situation.sh_01.svg,
Skyld,https://www.skyld.io,1,C:\Users\UT355QD\EY\Etudes et radars - Radar solutions cyber - CESIN - Hexatrust\LOGO_ENTREPRISE\Skyld_01.png,
Skypher,https://skypher.co,1,C:\Users\UT355QD\EY\Etudes et radars - Radar solutions cyber - CESIN - Hexatrust\LOGO_ENTREPRISE\Skypher_01.png,
Smart Global Governance,https://smartglobalgovernance.com,1,C:\Users\UT355QD\EY\Etudes et radars - Radar solutions cyber - CESIN - Hexatrust\LOGO_ENTREPRISE\Smart Global Governance_01.svg,
Snowpack,https://snowpack.eu/fr/acces-invisible/,1,C:\Users\UT355QD\EY\Etudes et radars - Radar solutions cyber - CESIN - Hexatrust\LOGO_ENTREPRISE\Snowpack_01.svg,
Avanoo (ex - Sonar Clarity),https://avanoo.ai/,1,C:\Users\UT355QD\EY\Etudes et radars - Radar solutions cyber - CESIN - Hexatrust\LOGO_ENTREPRISE\Avanoo (ex - Sonar Clarity)_01.svg,
Stormshield - Airbus CyberSecurity,https://www.stormshield.com/fr/produits-et-services/produits/protection-des-reseaux/nos-produits/,1,C:\Users\UT355QD\EY\Etudes et radars - Radar solutions cyber - CESIN - Hexatrust\LOGO_ENTREPRISE\Stormshield - Airbus CyberSecurity_01.png,
Straton IT,https://www.corrium.com/straton-it/,0,,Aucun logo téléchargé
Suzan.ai,https://suzan.ai,1,C:\Users\UT355QD\EY\Etudes et radars - Radar solutions cyber - CESIN - Hexatrust\LOGO_ENTREPRISE\Suzan.ai_01.png,
SYLink Technologie,https://sylink.fr/sylink-audit-securite-informatique,1,C:\Users\UT355QD\EY\Etudes et radars - Radar solutions cyber - CESIN - Hexatrust\LOGO_ENTREPRISE\SYLink Technologie_01.webp,
Symbiotic Security,https://www.symbioticsec.ai/,1,C:\Users\UT355QD\EY\Etudes et radars - Radar solutions cyber - CESIN - Hexatrust\LOGO_ENTREPRISE\Symbiotic Security_01.svg,
Syspertec Group,https://www.syspertec.fr/solutions-regtech.html,1,C:\Users\UT355QD\EY\Etudes et radars - Radar solutions cyber - CESIN - Hexatrust\LOGO_ENTREPRISE\Syspertec Group_01.png,
Systancia,https://www.systancia.com,1,C:\Users\UT355QD\EY\Etudes et radars - Radar solutions cyber - CESIN - Hexatrust\LOGO_ENTREPRISE\Systancia_01.png,
Wybot Cybersécurité,https://www.wybot-cybersecurite.com/,1,C:\Users\UT355QD\EY\Etudes et radars - Radar solutions cyber - CESIN - Hexatrust\LOGO_ENTREPRISE\Wybot Cybersécurité_01.png,
TEHTRIS,https://tehtris.com/fr/,1,C:\Users\UT355QD\EY\Etudes et radars - Radar solutions cyber - CESIN - Hexatrust\LOGO_ENTREPRISE\TEHTRIS_01.svg,
Tenacy,https://www.tenacy.io/,1,C:\Users\UT355QD\EY\Etudes et radars - Radar solutions cyber - CESIN - Hexatrust\LOGO_ENTREPRISE\Tenacy_01.svg,
TenderCrunch,https://tendercrunch.com,1,C:\Users\UT355QD\EY\Etudes et radars - Radar solutions cyber - CESIN - Hexatrust\LOGO_ENTREPRISE\TenderCrunch_01.svg,
Texplained,https://texplained.com,1,C:\Users\UT355QD\EY\Etudes et radars - Radar solutions cyber - CESIN - Hexatrust\LOGO_ENTREPRISE\Texplained_01.jpg,
TheGreenBow,https://www.thegreenbow.com/fr/produits-vpn-thegreenbow/endpoint-secure-connection/,1,C:\Users\UT355QD\EY\Etudes et radars - Radar solutions cyber - CESIN - Hexatrust\LOGO_ENTREPRISE\TheGreenBow_01.svg,
StrangeBee,https://strangebee.com/?_gl=1*4i3rd9*_up*MQ..*_ga*MTU5NDU0MTYzMS4xNzU5MzIzNzIy*_ga_SGSQQPXNSR*czE3NTkzMjM3MjIkbzEkZzEkdDE3NTkzMjM3OTQkajYwJGwwJGgxMDk4ODU1MjI.,1,C:\Users\UT355QD\EY\Etudes et radars - Radar solutions cyber - CESIN - Hexatrust\LOGO_ENTREPRISE\StrangeBee_01.svg,
Timeref,https://timeref.net/en/digital-vault-data-room-secure-your-sensitive-data/,1,C:\Users\UT355QD\EY\Etudes et radars - Radar solutions cyber - CESIN - Hexatrust\LOGO_ENTREPRISE\Timeref_01.svg,
Tixeo,https://www.tixeo.com,1,C:\Users\UT355QD\EY\Etudes et radars - Radar solutions cyber - CESIN - Hexatrust\LOGO_ENTREPRISE\Tixeo_01.png,
Tranquil IT,https://www.tranquil.it/,1,C:\Users\UT355QD\EY\Etudes et radars - Radar solutions cyber - CESIN - Hexatrust\LOGO_ENTREPRISE\Tranquil IT_01.png,
Treebal,https://www.treebal.green,1,C:\Users\UT355QD\EY\Etudes et radars - Radar solutions cyber - CESIN - Hexatrust\LOGO_ENTREPRISE\Treebal_01.svg,
TROUT SOFTWARE,https://trout.software,1,C:\Users\UT355QD\EY\Etudes et radars - Radar solutions cyber - CESIN - Hexatrust\LOGO_ENTREPRISE\TROUT SOFTWARE_01.png,
TrustInSoft,https://www.trust-in-soft.com/,1,C:\Users\UT355QD\EY\Etudes et radars - Radar solutions cyber - CESIN - Hexatrust\LOGO_ENTREPRISE\TrustInSoft_01.png,
Trustpair,https://trustpair.com,1,C:\Users\UT355QD\EY\Etudes et radars - Radar solutions cyber - CESIN - Hexatrust\LOGO_ENTREPRISE\Trustpair_01.svg,
Tyrex (ex-KUB),https://www.tyrex-cyber.com,1,C:\Users\UT355QD\EY\Etudes et radars - Radar solutions cyber - CESIN - Hexatrust\LOGO_ENTREPRISE\Tyrex (ex-KUB)_01.png,
Ubika (ex-DenyAll),https://www.ubikasec.com/en/,1,C:\Users\UT355QD\EY\Etudes et radars - Radar solutions cyber - CESIN - Hexatrust\LOGO_ENTREPRISE\Ubika (ex-DenyAll)_01.svg,
Ugloo (Groupe Storyan),https://www.ugloo.fr,1,C:\Users\UT355QD\EY\Etudes et radars - Radar solutions cyber - CESIN - Hexatrust\LOGO_ENTREPRISE\Ugloo (Groupe Storyan)_01.svg,
UncovAI,https://uncovai.com/,1,C:\Users\UT355QD\EY\Etudes et radars - Radar solutions cyber - CESIN - Hexatrust\LOGO_ENTREPRISE\UncovAI_01.png,
Uncovery,https://www.uncovery.io,1,C:\Users\UT355QD\EY\Etudes et radars - Radar solutions cyber - CESIN - Hexatrust\LOGO_ENTREPRISE\Uncovery_01.png,
V6Protect,https://www.v6protect.fr/,1,C:\Users\UT355QD\EY\Etudes et radars - Radar solutions cyber - CESIN - Hexatrust\LOGO_ENTREPRISE\V6Protect_01.png,
Valmido,https://www.valmido.com/,1,C:\Users\UT355QD\EY\Etudes et radars - Radar solutions cyber - CESIN - Hexatrust\LOGO_ENTREPRISE\Valmido_01.jpg,
Vaultys,https://vaultys.com,1,C:\Users\UT355QD\EY\Etudes et radars - Radar solutions cyber - CESIN - Hexatrust\LOGO_ENTREPRISE\Vaultys_01.png,
Vigilan Solutions,https://www.vigilansolutions.fr/,1,C:\Users\UT355QD\EY\Etudes et radars - Radar solutions cyber - CESIN - Hexatrust\LOGO_ENTREPRISE\Vigilan Solutions_01.jpg,
WaToo,https://watoo.tech,1,C:\Users\UT355QD\EY\Etudes et radars - Radar solutions cyber - CESIN - Hexatrust\LOGO_ENTREPRISE\WaToo_01.png,
Whaller,https://www.whaller.com,1,C:\Users\UT355QD\EY\Etudes et radars - Radar solutions cyber - CESIN - Hexatrust\LOGO_ENTREPRISE\Whaller_01.svg,
Whispeak,https://whispeak.io,1,C:\Users\UT355QD\EY\Etudes et radars - Radar solutions cyber - CESIN - Hexatrust\LOGO_ENTREPRISE\Whispeak_01.svg,
Wimi,https://www.wimi-teamwork.com/fr/,1,C:\Users\UT355QD\EY\Etudes et radars - Radar solutions cyber - CESIN - Hexatrust\LOGO_ENTREPRISE\Wimi_01.png,
Woleet,https://www.woleet.io,1,C:\Users\UT355QD\EY\Etudes et radars - Radar solutions cyber - CESIN - Hexatrust\LOGO_ENTREPRISE\Woleet_01.png,
Wraptor,http://www.wraptor.fr,1,C:\Users\UT355QD\EY\Etudes et radars - Radar solutions cyber - CESIN - Hexatrust\LOGO_ENTREPRISE\Wraptor_01.png,
Wysam,https://www.wysam.fr/,1,C:\Users\UT355QD\EY\Etudes et radars - Radar solutions cyber - CESIN - Hexatrust\LOGO_ENTREPRISE\Wysam_01.png,
SEKOIA.IO,https://sekoia.io,1,C:\Users\UT355QD\EY\Etudes et radars - Radar solutions cyber - CESIN - Hexatrust\LOGO_ENTREPRISE\SEKOIA.IO_01.svg,
YesWeHack,https://www.yeswehack.com,1,C:\Users\UT355QD\EY\Etudes et radars - Radar solutions cyber - CESIN - Hexatrust\LOGO_ENTREPRISE\YesWeHack_01.svg,
Yogosha,https://www.yogosha.com,1,C:\Users\UT355QD\EY\Etudes et radars - Radar solutions cyber - CESIN - Hexatrust\LOGO_ENTREPRISE\Yogosha_01.svg,
Youzer,https://www.youzer.net,1,C:\Users\UT355QD\EY\Etudes et radars - Radar solutions cyber - CESIN - Hexatrust\LOGO_ENTREPRISE\Youzer_01.png,
Kerys Software,https://kerys.software,1,C:\Users\UT355QD\EY\Etudes et radars - Radar solutions cyber - CESIN - Hexatrust\LOGO_ENTREPRISE\Kerys Software_01.png,
Zama,https://www.zama.ai/,1,C:\Users\UT355QD\EY\Etudes et radars - Radar solutions cyber - CESIN - Hexatrust\LOGO_ENTREPRISE\Zama_01.svg,
Malizen,https://malizen.com,1,C:\Users\UT355QD\EY\Etudes et radars - Radar solutions cyber - CESIN - Hexatrust\LOGO_ENTREPRISE\Malizen_01.svg,
Ziwit,https://www.ziwit.com,1,C:\Users\UT355QD\EY\Etudes et radars - Radar solutions cyber - CESIN - Hexatrust\LOGO_ENTREPRISE\Ziwit_01.svg,
Netiful,https://www.netiful.com/produits/netifulbot/,1,C:\Users\UT355QD\EY\Etudes et radars - Radar solutions cyber - CESIN - Hexatrust\LOGO_ENTREPRISE\Netiful_01.webp,
Game Partners,https://www.cyber-wargame.fr/cyber-wargame/,1,C:\Users\UT355QD\EY\Etudes et radars - Radar solutions cyber - CESIN - Hexatrust\LOGO_ENTREPRISE\Game Partners_01.png,
TrustnGo,https://www.trustngo.tech/products,1,C:\Users\UT355QD\EY\Etudes et radars - Radar solutions cyber - CESIN - Hexatrust\LOGO_ENTREPRISE\TrustnGo_01.svg,
OMNITECH Security,https://www.omnitech-security.fr/global/fr/solutions,1,C:\Users\UT355QD\EY\Etudes et radars - Radar solutions cyber - CESIN - Hexatrust\LOGO_ENTREPRISE\OMNITECH Security_01.webp,
DLPlace,https://www.dlplace.fr/dlregister,1,C:\Users\UT355QD\EY\Etudes et radars - Radar solutions cyber - CESIN - Hexatrust\LOGO_ENTREPRISE\DLPlace_01.jpg,
TIL TECHNOLOGIES,https://www.til-technologies.fr/fr_FR/nos-solutions/id-management,1,C:\Users\UT355QD\EY\Etudes et radars - Radar solutions cyber - CESIN - Hexatrust\LOGO_ENTREPRISE\TIL TECHNOLOGIES_01.svg,
KLOUD'ICI,https://kloudici.org/,1,C:\Users\UT355QD\EY\Etudes et radars - Radar solutions cyber - CESIN - Hexatrust\LOGO_ENTREPRISE\KLOUD_ICI_01.png,
SOLIDNAMES,https://solidnames.fr/,1,C:\Users\UT355QD\EY\Etudes et radars - Radar solutions cyber - CESIN - Hexatrust\LOGO_ENTREPRISE\SOLIDNAMES_01.png,
LAWXER,https://www.lawxer.ai/,1,C:\Users\UT355QD\EY\Etudes et radars - Radar solutions cyber - CESIN - Hexatrust\LOGO_ENTREPRISE\LAWXER_01.png,
CyberCAPE,https://www.cybercape.fr/solution-cybersecurite,1,C:\Users\UT355QD\EY\Etudes et radars - Radar solutions cyber - CESIN - Hexatrust\LOGO_ENTREPRISE\CyberCAPE_01.svg,
